{
  "observation.state": {
    "min": [
      -17.943025588989258,
      -63.26530456542969,
      -58.12917709350586,
      -98.06070709228516,
      -64.23161315917969,
      2.588801860809326
    ],
    "max": [
      12.24565315246582,
      49.46938705444336,
      98.1291732788086,
      97.63912200927734,
      4.861959457397461,
      63.87718200683594
    ],
    "mean": [
      -2.314921376416979,
      -0.0757607273808724,
      26.58474928875107,
      27.91962437884457,
      -18.552917253232195,
      14.011869567471443
    ],
    "std": [
      5.931635742700074,
      28.086352831571116,
      39.35848734340572,
      61.12182658591851,
      21.487013564830043,
      9.6348211609937
    ]
  },
  "observation.images.front": {
    "min": [
      0.0,
      0.0,
      0.0
    ],
    "max": [
      1.0,
      1.0,
      1.0
    ],
    "mean": [
      0.485,
      0.456,
      0.406
    ],
    "std": [
      0.229,
      0.224,
      0.225
    ]
  },
  "action": {
    "min": [
      -18.295930862426758,
      -63.993316650390625,
      -60.430686950683594,
      -99.91514587402344,
      -64.29792785644531,
      0.7132667899131775
    ],
    "max": [
      12.742487907409668,
      49.707603454589844,
      98.29519653320312,
      98.81204986572266,
      5.05494499206543,
      64.33666229248047
    ],
    "mean": [
      -2.200565583889996,
      -1.1445227435771979,
      25.31992701951054,
      27.61810914411169,
      -18.537471689232945,
      11.784874105265228
    ],
    "std": [
      5.943563661135074,
      27.993646469867095,
      40.00327795315955,
      61.39066271575584,
      21.47912393694053,
      11.079582300554328
    ]
  }
}