{
  "observation.state": {
    "min": [
      -17.943025588989258,
      -63.26530456542969,
      -58.12917709350586,
      -98.06070709228516,
      -64.23161315917969,
      2.588801860809326
    ],
    "max": [
      12.24565315246582,
      49.46938705444336,
      98.1291732788086,
      97.63912200927734,
      4.861959457397461,
      63.87718200683594
    ],
    "mean": [
      -2.314921376416979,
      -0.0757607273808724,
      26.58474928875107,
      27.91962437884457,
      -18.552917253232195,
      14.011869567471443
    ],
    "std": [
      5.931635742700074,
      28.086352831571116,
      39.35848734340572,
      61.12182658591851,
      21.487013564830043,
      9.6348211609937
    ],
    "count": [
      81811
    ],
    "q01": [
      -13.352076963363114,
      -37.66741716791296,
      -36.59770378479568,
      -88.53708407083263,
      -55.29413799959056,
      4.7796337752349
    ],
    "q10": [
      -10.935450406269235,
      -28.331870262732924,
      -35.669271553323334,
      -84.738818473695,
      -53.63939317175131,
      5.646304831351166
    ],
    "q50": [
      -1.0595259080647677,
      -9.070002449225095,
      43.01172200913207,
      43.13137947222184,
      -8.28447663899284,
      11.049952004578984
    ],
    "q90": [
      4.478926638865666,
      36.99762283587515,
      64.73596279047754,
      82.26605107122919,
      -2.8303443458007926,
      28.675792186269746
    ],
    "q99": [
      5.864619313766103,
      39.60152681615978,
      79.71070729025358,
      88.77986496644367,
      -1.7915030937130771,
      31.936738020202306
    ]
  },
  "timestamp": {
    "min": [
      0.0
    ],
    "max": [
      34.96666666666667
    ],
    "mean": [
      16.959644383599606
    ],
    "std": [
      9.927371917048772
    ],
    "count": [
      81811
    ],
    "q01": [
      0.32187011100187124
    ],
    "q10": [
      3.3715380948622866
    ],
    "q50": [
      16.951571787819837
    ],
    "q90": [
      30.547116992269412
    ],
    "q99": [
      33.597418656197306
    ]
  },
  "observation.images.front": {
    "min": [
      [
        [
          0.0
        ]
      ],
      [
        [
          0.0
        ]
      ],
      [
        [
          0.0
        ]
      ]
    ],
    "max": [
      [
        [
          1.0
        ]
      ],
      [
        [
          1.0
        ]
      ],
      [
        [
          1.0
        ]
      ]
    ],
    "mean": [
      [
        [
          0.4192077456060144
        ]
      ],
      [
        [
          0.5214869307008934
        ]
      ],
      [
        [
          0.6097680507862325
        ]
      ]
    ],
    "std": [
      [
        [
          0.010268058720712202
        ]
      ],
      [
        [
          0.01449601479024999
        ]
      ],
      [
        [
          0.02688589241348713
        ]
      ]
    ],
    "count": [
      14475
    ],
    "q01": [
      [
        [
          -3.9215686274509827e-13
        ]
      ],
      [
        [
          0.013858285146366996
        ]
      ],
      [
        [
          0.003910527188578543
        ]
      ]
    ],
    "q10": [
      [
        [
          0.029980451981683677
        ]
      ],
      [
        [
          0.1278786261078441
        ]
      ],
      [
        [
          0.14771511397136736
        ]
      ]
    ],
    "q50": [
      [
        [
          0.47684514151029994
        ]
      ],
      [
        [
          0.570544521939885
        ]
      ],
      [
        [
          0.7137111735297726
        ]
      ]
    ],
    "q90": [
      [
        [
          0.7747318144265977
        ]
      ],
      [
        [
          0.7690653267874519
        ]
      ],
      [
        [
          0.8221491392318611
        ]
      ]
    ],
    "q99": [
      [
        [
          0.926426037163226
        ]
      ],
      [
        [
          0.9114391658010513
        ]
      ],
      [
        [
          0.9403649234592323
        ]
      ]
    ]
  },
  "episode_index": {
    "min": [
      0
    ],
    "max": [
      80
    ],
    "mean": [
      40.013641197393994
    ],
    "std": [
      23.633169725593827
    ],
    "count": [
      81811
    ],
    "q01": [
      40.013641197393994
    ],
    "q10": [
      40.013641197393994
    ],
    "q50": [
      40.013641197394
    ],
    "q90": [
      40.013641197394
    ],
    "q99": [
      40.013641197394
    ]
  },
  "frame_index": {
    "min": [
      0
    ],
    "max": [
      1049
    ],
    "mean": [
      508.7893315079879
    ],
    "std": [
      297.82115751146335
    ],
    "count": [
      81811
    ],
    "q01": [
      9.65610333290114
    ],
    "q10": [
      101.14614284819221
    ],
    "q50": [
      508.6460308369284
    ],
    "q90": [
      916.4135097657596
    ],
    "q99": [
      1007.9225596830742
    ]
  },
  "action": {
    "min": [
      -18.295930862426758,
      -63.993316650390625,
      -60.430686950683594,
      -99.91514587402344,
      -64.29792785644531,
      0.7132667899131775
    ],
    "max": [
      12.742487907409668,
      49.707603454589844,
      98.29519653320312,
      98.81204986572266,
      5.05494499206543,
      64.33666229248047
    ],
    "mean": [
      -2.200565583889996,
      -1.1445227435771979,
      25.31992701951054,
      27.61810914411169,
      -18.537471689232945,
      11.784874105265228
    ],
    "std": [
      5.943563661135074,
      27.993646469867095,
      40.00327795315955,
      61.39066271575584,
      21.47912393694053,
      11.079582300554328
    ],
    "count": [
      81811
    ],
    "q01": [
      -13.4464124621599,
      -39.09296804753636,
      -39.268664687829485,
      -89.62460317146709,
      -55.37015034493714,
      2.588146654974955
    ],
    "q10": [
      -10.889808570893962,
      -29.325676140477217,
      -37.955521094806656,
      -85.54169051576582,
      -53.51157671611643,
      2.7767525048740547
    ],
    "q50": [
      -0.9184125239878591,
      -10.34309388295859,
      42.365609219131436,
      42.836324819926446,
      -8.289365995231119,
      7.428821074333926
    ],
    "q90": [
      4.558957170828084,
      36.08315008464648,
      63.92359926674064,
      82.1888661756909,
      -2.822637483328994,
      28.951258622642015
    ],
    "q99": [
      6.112591647344431,
      39.20605194935491,
      79.29887230578595,
      89.04474595517165,
      -1.716102558870468,
      32.238951397067986
    ]
  },
  "index": {
    "min": [
      0
    ],
    "max": [
      81810
    ],
    "mean": [
      40905.0
    ],
    "std": [
      23616.80143457196
    ],
    "count": [
      81811
    ],
    "q01": [
      40405.866771824934
    ],
    "q10": [
      40497.356811340185
    ],
    "q50": [
      40904.864980010054
    ],
    "q90": [
      41312.6241782578
    ],
    "q99": [
      41404.133228175066
    ]
  },
  "task_index": {
    "min": [
      0
    ],
    "max": [
      0
    ],
    "mean": [
      0.0
    ],
    "std": [
      0.0
    ],
    "count": [
      81811
    ],
    "q01": [
      3.9999999999994167e-16
    ],
    "q10": [
      3.999999999999419e-15
    ],
    "q50": [
      1.9999999999997106e-14
    ],
    "q90": [
      3.599999999999473e-14
    ],
    "q99": [
      3.959999999999422e-14
    ]
  }
}